{
  "carPaint": {
    "complex": true,
    "reflection": 0.77300000000000013,
    "gloss": 1.0,
    "specular": 0.10600000000000001,
    "color": "#FF000000",
    "flakes": 0.47300000000000003,
    "enabled": true
  },
  "rims": {
    "enabled": true,
    "colors": [
      "#C6C6C6"
    ]
  }
}